,t7,o3
2020-01-25 12:00:00,62.0,77.0
2020-01-25 13:00:00,74.0,85.0
2020-01-25 14:00:00,78.0,92.0
2020-01-25 15:00:00,81.0,97.0
2020-01-25 16:00:00,80.0,98.0
2020-01-25 17:00:00,77.0,98.0
2020-01-25 18:00:00,75.0,95.0
2020-01-25 19:00:00,71.0,91.0
2020-01-25 20:00:00,65.0,83.0
2020-01-25 21:00:00,58.0,78.0
2020-01-25 22:00:00,56.0,74.0
2020-01-25 23:00:00,56.0,73.0
2020-01-26 00:00:00,57.0,70.0
2020-01-26 01:00:00,56.0,66.0
2020-01-26 02:00:00,52.0,64.0
2020-01-26 03:00:00,47.0,60.0
2020-01-26 04:00:00,50.0,58.0
2020-01-26 05:00:00,46.0,56.0
2020-01-26 06:00:00,49.0,55.0
2020-01-26 07:00:00,51.0,52.0
2020-01-26 08:00:00,55.0,46.0
2020-01-26 09:00:00,53.0,41.0
2020-01-26 10:00:00,56.0,38.0
2020-01-26 11:00:00,67.0,42.0
2020-01-26 12:00:00,76.0,50.0
2020-01-26 13:00:00,84.0,50.0
2020-01-26 14:00:00,91.0,54.0
2020-01-26 15:00:00,96.0,61.0
2020-01-26 16:00:00,98.0,62.0
2020-01-26 17:00:00,99.0,63.0
2020-01-26 18:00:00,96.0,60.0
2020-01-26 19:00:00,90.0,53.0
2020-01-26 20:00:00,80.0,45.0
2020-01-26 21:00:00,75.0,40.0
2020-01-26 22:00:00,70.0,36.0
2020-01-26 23:00:00,69.0,37.0
2020-01-27 00:00:00,66.0,41.0
2020-01-27 01:00:00,64.0,49.0
2020-01-27 02:00:00,60.0,51.0
2020-01-27 03:00:00,58.0,48.0
2020-01-27 04:00:00,55.0,48.0
2020-01-27 05:00:00,53.0,46.0
2020-01-27 06:00:00,52.0,46.0
2020-01-27 07:00:00,49.0,43.0
2020-01-27 08:00:00,43.0,46.0
2020-01-27 09:00:00,38.0,44.0
2020-01-27 10:00:00,35.0,43.0
2020-01-27 11:00:00,40.0,46.0
2020-01-27 12:00:00,50.0,48.0
2020-01-27 13:00:00,51.0,49.0
2020-01-27 14:00:00,54.0,48.0
2020-01-27 15:00:00,60.0,49.0
2020-01-27 16:00:00,63.0,52.0
2020-01-27 17:00:00,63.0,52.0
2020-01-27 18:00:00,59.0,50.0
2020-01-27 19:00:00,52.0,45.0
2020-01-27 20:00:00,42.0,44.0
2020-01-27 21:00:00,37.0,45.0
2020-01-27 22:00:00,33.0,40.0
2020-01-27 23:00:00,33.0,40.0
2020-01-28 00:00:00,38.0,38.0
2020-01-28 01:00:00,44.0,34.0
2020-01-28 02:00:00,46.0,30.0
2020-01-28 03:00:00,45.0,26.0
2020-01-28 04:00:00,45.0,23.0
2020-01-28 05:00:00,44.0,24.0
2020-01-28 06:00:00,44.0,26.0
2020-01-28 07:00:00,42.0,23.0
2020-01-28 08:00:00,44.0,21.0
2020-01-28 09:00:00,44.0,21.0
2020-01-28 10:00:00,43.0,22.0
2020-01-28 11:00:00,44.0,27.0
2020-01-28 12:00:00,45.0,39.0
2020-01-28 13:00:00,45.0,46.0
2020-01-28 14:00:00,46.0,48.0
2020-01-28 15:00:00,48.0,48.0
2020-01-28 16:00:00,51.0,52.0
2020-01-28 17:00:00,50.0,54.0
2020-01-28 18:00:00,50.0,50.0
2020-01-28 19:00:00,44.0,39.0
2020-01-28 20:00:00,44.0,25.0
2020-01-28 21:00:00,43.0,19.0
2020-01-28 22:00:00,38.0,19.0
2020-01-28 23:00:00,37.0,21.0
2020-01-29 00:00:00,33.0,24.0
2020-01-29 01:00:00,29.0,24.0
2020-01-29 02:00:00,25.0,23.0
2020-01-29 03:00:00,21.0,20.0
2020-01-29 04:00:00,18.0,19.0
2020-01-29 05:00:00,18.0,17.0
2020-01-29 06:00:00,21.0,17.0
2020-01-29 07:00:00,17.0,16.0
2020-01-29 08:00:00,14.0,14.0
2020-01-29 09:00:00,13.0,12.0
2020-01-29 10:00:00,16.0,14.0
2020-01-29 11:00:00,22.0,26.0
2020-01-29 12:00:00,34.0,47.0
2020-01-29 13:00:00,43.0,67.0
2020-01-29 14:00:00,44.0,77.0
2020-01-29 15:00:00,44.0,81.0
2020-01-29 16:00:00,49.0,86.0
2020-01-29 17:00:00,51.0,88.0
2020-01-29 18:00:00,47.0,83.0
2020-01-29 19:00:00,35.0,72.0
2020-01-29 20:00:00,18.0,60.0
2020-01-29 21:00:00,12.0,48.0
2020-01-29 22:00:00,13.0,38.0
2020-01-29 23:00:00,15.0,33.0
2020-01-30 00:00:00,18.0,32.0
2020-01-30 01:00:00,18.0,24.0
2020-01-30 02:00:00,18.0,24.0
2020-01-30 03:00:00,15.0,25.0
2020-01-30 04:00:00,16.0,29.0
2020-01-30 05:00:00,13.0,31.0
2020-01-30 06:00:00,14.0,34.0
2020-01-30 07:00:00,13.0,28.0
2020-01-30 08:00:00,8.0,26.0
2020-01-30 09:00:00,7.0,21.0
2020-01-30 10:00:00,9.0,20.0
2020-01-30 11:00:00,23.0,34.0
2020-01-30 12:00:00,46.0,51.0
2020-01-30 13:00:00,66.0,66.0
2020-01-30 14:00:00,76.0,75.0
2020-01-30 15:00:00,80.0,76.0
2020-01-30 16:00:00,85.0,75.0
2020-01-30 17:00:00,86.0,70.0
2020-01-30 18:00:00,81.0,65.0
2020-01-30 19:00:00,69.0,60.0
2020-01-30 20:00:00,54.0,53.0
2020-01-30 21:00:00,40.0,51.0
2020-01-30 22:00:00,28.0,47.0
2020-01-30 23:00:00,18.0,47.0
2020-01-31 00:00:00,16.0,47.0
2020-01-31 02:00:00,15.0,48.0
2020-01-31 03:00:00,16.0,49.0
2020-01-31 04:00:00,22.0,50.0
2020-01-31 05:00:00,25.0,51.0
2020-01-31 06:00:00,27.0,49.0
2020-01-31 07:00:00,23.0,47.0
2020-01-31 08:00:00,20.0,41.0
2020-01-31 09:00:00,13.0,40.0
2020-01-31 10:00:00,13.0,39.0
2020-01-31 11:00:00,31.0,40.0
2020-01-31 12:00:00,48.0,39.0
2020-01-31 13:00:00,63.0,44.0
2020-01-31 14:00:00,73.0,61.0
2020-01-31 15:00:00,73.0,62.0
2020-01-31 16:00:00,73.0,60.0
2020-01-31 17:00:00,67.0,60.0
2020-01-31 18:00:00,63.0,57.0
2020-01-31 19:00:00,58.0,53.0
2020-01-31 20:00:00,50.0,49.0
2020-01-31 21:00:00,49.0,53.0
2020-01-31 22:00:00,44.0,53.0
2020-01-31 23:00:00,46.0,46.0
2020-02-01 00:00:00,45.0,44.0
2020-02-01 01:00:00,44.0,44.0
2020-02-01 02:00:00,45.0,42.0
2020-02-01 03:00:00,46.0,41.0
2020-02-01 04:00:00,46.0,39.0
2020-02-01 05:00:00,47.0,37.0
2020-02-01 06:00:00,45.0,37.0
2020-02-01 07:00:00,42.0,34.0
2020-02-01 08:00:00,36.0,28.0
2020-02-01 09:00:00,34.0,26.0
2020-02-01 10:00:00,32.0,27.0
2020-02-01 12:00:00,36.0,28.0
2020-02-01 13:00:00,42.0,31.0
2020-02-01 14:00:00,58.0,37.0
2020-02-01 15:00:00,62.0,44.0
2020-02-01 16:00:00,60.0,46.0
2020-02-01 17:00:00,59.0,46.0
2020-02-01 18:00:00,57.0,41.0
2020-02-01 19:00:00,52.0,37.0
2020-02-01 20:00:00,48.0,32.0
2020-02-01 21:00:00,51.0,29.0
2020-02-01 22:00:00,52.0,31.0
2020-02-01 23:00:00,46.0,32.0
2020-02-02 00:00:00,43.0,33.0
2020-02-02 01:00:00,41.0,33.0
2020-02-02 02:00:00,39.0,34.0
2020-02-02 03:00:00,38.0,32.0
2020-02-02 04:00:00,37.0,29.0
2020-02-02 05:00:00,34.0,28.0
2020-02-02 06:00:00,33.0,28.0
2020-02-02 07:00:00,31.0,27.0
2020-02-02 08:00:00,25.0,26.0
2020-02-02 09:00:00,23.0,24.0
2020-02-02 10:00:00,23.0,22.0
2020-02-02 12:00:00,26.0,33.0
2020-02-02 13:00:00,28.0,50.0
2020-02-02 14:00:00,35.0,68.0
2020-02-02 15:00:00,43.0,74.0
2020-02-02 16:00:00,46.0,76.0
2020-02-02 17:00:00,45.0,76.0
2020-02-02 18:00:00,39.0,70.0
2020-02-02 19:00:00,33.0,54.0
2020-02-02 20:00:00,27.0,37.0
2020-02-02 21:00:00,29.0,28.0
2020-02-02 22:00:00,28.0,21.0
2020-02-02 23:00:00,27.0,20.0
2020-02-03 00:00:00,29.0,23.0
2020-02-03 01:00:00,30.0,25.0
2020-02-03 02:00:00,30.0,34.0
2020-02-03 03:00:00,28.0,40.0
2020-02-03 04:00:00,25.0,42.0
2020-02-03 05:00:00,23.0,45.0
2020-02-03 06:00:00,23.0,45.0
2020-02-03 07:00:00,22.0,35.0
2020-02-03 08:00:00,19.0,28.0
2020-02-03 09:00:00,17.0,25.0
2020-02-03 10:00:00,16.0,25.0
2020-02-03 11:00:00,0.0,33.0
2020-02-03 12:00:00,29.0,46.0
2020-02-03 13:00:00,47.0,66.0
2020-02-03 14:00:00,67.0,82.0
2020-02-03 15:00:00,75.0,87.0
2020-02-03 16:00:00,77.0,90.0
2020-02-03 17:00:00,76.0,87.0
2020-02-03 18:00:00,68.0,81.0
2020-02-03 19:00:00,50.0,75.0
2020-02-03 20:00:00,31.0,70.0
2020-02-03 21:00:00,20.0,64.0
2020-02-03 22:00:00,12.0,54.0
2020-02-03 23:00:00,11.0,51.0
2020-02-04 00:00:00,14.0,49.0
2020-02-04 01:00:00,17.0,46.0
2020-02-04 02:00:00,27.0,52.0
2020-02-04 03:00:00,33.0,55.0
2020-02-04 04:00:00,37.0,50.0
2020-02-04 05:00:00,40.0,46.0
2020-02-04 06:00:00,39.0,43.0
2020-02-04 07:00:00,28.0,42.0
2020-02-04 08:00:00,21.0,31.0
2020-02-04 09:00:00,18.0,20.0
2020-02-04 10:00:00,19.0,27.0
2020-02-04 11:00:00,28.0,45.0
2020-02-04 12:00:00,42.0,62.0
2020-02-04 13:00:00,63.0,71.0
2020-02-04 14:00:00,79.0,77.0
2020-02-04 15:00:00,86.0,82.0
2020-02-04 16:00:00,89.0,83.0
2020-02-04 17:00:00,85.0,81.0
2020-02-04 18:00:00,79.0,77.0
2020-02-04 19:00:00,72.0,71.0
2020-02-04 20:00:00,66.0,64.0
2020-02-04 21:00:00,61.0,59.0
2020-02-04 22:00:00,51.0,57.0
2020-02-04 23:00:00,48.0,47.0
2020-02-05 00:00:00,46.0,38.0
2020-02-05 01:00:00,42.0,33.0
2020-02-05 02:00:00,49.0,31.0
2020-02-05 03:00:00,51.0,32.0
2020-02-05 04:00:00,45.0,31.0
2020-02-05 05:00:00,41.0,25.0
2020-02-05 06:00:00,38.0,27.0
2020-02-05 07:00:00,38.0,25.0
2020-02-05 08:00:00,27.0,25.0
2020-02-05 09:00:00,14.0,22.0
2020-02-05 10:00:00,22.0,23.0
2020-02-05 12:00:00,61.0,31.0
2020-02-05 13:00:00,72.0,42.0
2020-02-05 14:00:00,78.0,52.0
2020-02-05 15:00:00,83.0,61.0
2020-02-05 16:00:00,83.0,66.0
2020-02-05 17:00:00,82.0,62.0
2020-02-05 18:00:00,76.0,57.0
2020-02-05 19:00:00,69.0,55.0
2020-02-05 20:00:00,60.0,55.0
2020-02-05 21:00:00,54.0,48.0
2020-02-05 22:00:00,52.0,49.0
2020-02-05 23:00:00,42.0,48.0
2020-02-06 00:00:00,32.0,47.0
2020-02-06 01:00:00,26.0,43.0
2020-02-06 02:00:00,26.0,37.0
2020-02-06 03:00:00,27.0,38.0
2020-02-06 04:00:00,26.0,36.0
2020-02-06 05:00:00,20.0,33.0
2020-02-06 06:00:00,21.0,31.0
2020-02-06 07:00:00,19.0,26.0
2020-02-06 08:00:00,19.0,23.0
2020-02-06 09:00:00,16.0,18.0
2020-02-06 10:00:00,17.0,24.0
2020-02-06 11:00:00,21.0,43.0
2020-02-06 12:00:00,29.0,65.0
2020-02-06 13:00:00,41.0,78.0
2020-02-06 14:00:00,52.0,84.0
2020-02-06 15:00:00,61.0,85.0
2020-02-06 16:00:00,66.0,86.0
2020-02-06 17:00:00,62.0,86.0
2020-02-06 18:00:00,56.0,82.0
2020-02-06 19:00:00,51.0,73.0
2020-02-06 20:00:00,52.0,66.0
2020-02-06 21:00:00,46.0,63.0
2020-02-06 22:00:00,46.0,61.0
2020-02-06 23:00:00,45.0,58.0
2020-02-07 00:00:00,43.0,57.0
2020-02-07 01:00:00,39.0,56.0
2020-02-07 02:00:00,32.0,56.0
2020-02-07 03:00:00,33.0,53.0
2020-02-07 04:00:00,30.0,50.0
2020-02-07 05:00:00,28.0,48.0
2020-02-07 06:00:00,25.0,46.0
2020-02-07 07:00:00,19.0,43.0
2020-02-07 08:00:00,16.0,36.0
2020-02-07 09:00:00,11.0,37.0
2020-02-07 10:00:00,18.0,37.0
2020-02-07 11:00:00,39.0,38.0
2020-02-07 12:00:00,63.0,34.0
2020-02-07 13:00:00,78.0,38.0
2020-02-07 14:00:00,85.0,41.0
2020-02-07 15:00:00,85.0,41.0
2020-02-07 16:00:00,87.0,39.0
2020-02-07 17:00:00,87.0,37.0
2020-02-07 18:00:00,82.0,37.0
2020-02-07 19:00:00,71.0,37.0
2020-02-07 20:00:00,63.0,38.0
2020-02-07 21:00:00,59.0,38.0
2020-02-07 22:00:00,57.0,36.0
2020-02-07 23:00:00,55.0,34.0
2020-02-08 00:00:00,55.0,36.0
2020-02-08 01:00:00,55.0,31.0
2020-02-08 02:00:00,55.0,26.0
2020-02-08 03:00:00,53.0,24.0
2020-02-08 04:00:00,49.0,24.0
2020-02-08 05:00:00,46.0,25.0
2020-02-08 06:00:00,44.0,24.0
2020-02-08 07:00:00,40.0,20.0
2020-02-08 08:00:00,33.0,15.0
2020-02-08 09:00:00,36.0,14.0
2020-02-08 10:00:00,36.0,14.0
2020-02-08 11:00:00,37.0,19.0
2020-02-08 12:00:00,34.0,28.0
2020-02-08 13:00:00,38.0,39.0
2020-02-08 14:00:00,40.0,51.0
2020-02-08 15:00:00,41.0,56.0
2020-02-08 16:00:00,40.0,59.0
2020-02-08 17:00:00,37.0,58.0
2020-02-08 18:00:00,36.0,56.0
2020-02-08 19:00:00,34.0,52.0
2020-02-08 20:00:00,35.0,39.0
2020-02-08 21:00:00,36.0,28.0
2020-02-08 22:00:00,33.0,22.0
2020-02-08 23:00:00,31.0,20.0
2020-02-09 00:00:00,31.0,20.0
2020-02-09 01:00:00,26.0,20.0
2020-02-09 02:00:00,21.0,22.0
2020-02-09 03:00:00,19.0,26.0
2020-02-09 04:00:00,18.0,30.0
2020-02-09 05:00:00,20.0,32.0
2020-02-09 06:00:00,18.0,29.0
2020-02-09 07:00:00,16.0,25.0
2020-02-09 08:00:00,11.0,18.0
2020-02-09 09:00:00,8.0,19.0
2020-02-09 10:00:00,10.0,28.0
2020-02-09 11:00:00,16.0,41.0
2020-02-09 12:00:00,25.0,53.0
2020-02-09 13:00:00,37.0,69.0
2020-02-09 14:00:00,51.0,82.0
2020-02-09 15:00:00,55.0,91.0
2020-02-09 16:00:00,58.0,94.0
2020-02-09 17:00:00,57.0,94.0
2020-02-09 18:00:00,55.0,89.0
2020-02-09 19:00:00,50.0,79.0
2020-02-09 20:00:00,35.0,72.0
2020-02-09 21:00:00,22.0,66.0
2020-02-09 22:00:00,16.0,62.0
2020-02-09 23:00:00,15.0,58.0
2020-02-10 00:00:00,14.0,55.0
2020-02-10 01:00:00,14.0,52.0
2020-02-10 02:00:00,15.0,49.0
2020-02-10 03:00:00,21.0,46.0
2020-02-10 04:00:00,25.0,42.0
2020-02-10 05:00:00,27.0,42.0
2020-02-10 06:00:00,23.0,38.0
2020-02-10 07:00:00,19.0,33.0
2020-02-10 08:00:00,11.0,27.0
2020-02-10 09:00:00,12.0,24.0
2020-02-10 10:00:00,23.0,35.0
2020-02-10 11:00:00,36.0,55.0
2020-02-10 12:00:00,50.0,67.0
2020-02-10 13:00:00,68.0,80.0
2020-02-10 14:00:00,80.0,91.0
2020-02-10 15:00:00,90.0,93.0
2020-02-10 16:00:00,94.0,90.0
2020-02-10 17:00:00,94.0,85.0
2020-02-10 18:00:00,88.0,82.0
2020-02-10 19:00:00,76.0,77.0
2020-02-10 20:00:00,67.0,68.0
2020-02-10 21:00:00,62.0,66.0
2020-02-10 22:00:00,60.0,62.0
2020-02-10 23:00:00,57.0,57.0
2020-02-11 00:00:00,52.0,56.0
2020-02-11 01:00:00,48.0,52.0
2020-02-11 02:00:00,44.0,46.0
2020-02-11 03:00:00,41.0,43.0
2020-02-11 04:00:00,36.0,39.0
2020-02-11 05:00:00,36.0,37.0
2020-02-11 06:00:00,32.0,31.0
2020-02-11 07:00:00,27.0,28.0
2020-02-11 08:00:00,21.0,22.0
2020-02-11 09:00:00,17.0,20.0
2020-02-11 10:00:00,29.0,28.0
2020-02-11 11:00:00,54.0,50.0
2020-02-11 12:00:00,67.0,68.0
2020-02-11 13:00:00,80.0,81.0
2020-02-11 14:00:00,90.0,92.0
2020-02-11 15:00:00,92.0,98.0
2020-02-11 16:00:00,89.0,100.0
2020-02-11 17:00:00,82.0,99.0
2020-02-11 18:00:00,80.0,93.0
2020-02-11 19:00:00,74.0,85.0
2020-02-11 20:00:00,63.0,75.0
2020-02-11 21:00:00,60.0,59.0
2020-02-11 22:00:00,56.0,52.0
2020-02-11 23:00:00,52.0,45.0
2020-02-12 00:00:00,51.0,43.0
2020-02-12 01:00:00,46.0,37.0
2020-02-12 02:00:00,40.0,29.0
2020-02-12 03:00:00,39.0,26.0
2020-02-12 04:00:00,34.0,29.0
2020-02-12 05:00:00,32.0,29.0
2020-02-12 06:00:00,26.0,23.0
2020-02-12 07:00:00,23.0,18.0
2020-02-12 08:00:00,16.0,15.0
2020-02-12 09:00:00,13.0,16.0
2020-02-12 10:00:00,22.0,19.0
2020-02-12 11:00:00,50.0,25.0
2020-02-12 12:00:00,66.0,36.0
2020-02-12 13:00:00,80.0,48.0
2020-02-12 14:00:00,91.0,67.0
2020-02-12 15:00:00,98.0,90.0
2020-02-12 16:00:00,100.0,102.0
2020-02-12 17:00:00,99.0,101.0
2020-02-12 18:00:00,92.0,95.0
2020-02-12 19:00:00,82.0,86.0
2020-02-12 20:00:00,71.0,71.0
2020-02-12 21:00:00,54.0,67.0
2020-02-12 22:00:00,44.0,64.0
2020-02-12 23:00:00,38.0,56.0
2020-02-13 00:00:00,34.0,50.0
2020-02-13 01:00:00,28.0,45.0
2020-02-13 02:00:00,20.0,44.0
2020-02-13 03:00:00,19.0,40.0
2020-02-13 04:00:00,23.0,38.0
2020-02-13 05:00:00,23.0,36.0
2020-02-13 06:00:00,18.0,33.0
2020-02-13 07:00:00,13.0,29.0
2020-02-13 08:00:00,9.0,22.0
2020-02-13 09:00:00,10.0,19.0
2020-02-13 10:00:00,13.0,23.0
2020-02-13 11:00:00,19.0,33.0
2020-02-13 12:00:00,28.0,53.0
2020-02-13 13:00:00,41.0,81.0
2020-02-13 14:00:00,62.0,97.0
2020-02-13 15:00:00,89.0,105.0
2020-02-13 16:00:00,103.0,108.0
2020-02-13 17:00:00,102.0,106.0
2020-02-13 18:00:00,95.0,101.0
2020-02-13 19:00:00,85.0,92.0
2020-02-13 20:00:00,69.0,78.0
2020-02-13 21:00:00,64.0,70.0
2020-02-13 22:00:00,61.0,66.0
2020-02-13 23:00:00,55.0,54.0
2020-02-14 00:00:00,48.0,52.0
2020-02-14 01:00:00,40.0,54.0
2020-02-14 02:00:00,38.0,53.0
2020-02-14 03:00:00,34.0,52.0
2020-02-14 04:00:00,33.0,51.0
2020-02-14 05:00:00,32.0,50.0
2020-02-14 06:00:00,29.0,52.0
2020-02-14 07:00:00,25.0,48.0
2020-02-14 08:00:00,18.0,41.0
2020-02-14 09:00:00,14.0,38.0
2020-02-14 10:00:00,19.0,37.0
2020-02-14 11:00:00,29.0,34.0
2020-02-14 12:00:00,53.0,38.0
2020-02-14 13:00:00,81.0,46.0
2020-02-14 14:00:00,97.0,64.0
2020-02-14 15:00:00,106.0,74.0
2020-02-14 16:00:00,109.0,73.0
2020-02-14 17:00:00,107.0,75.0
2020-02-14 18:00:00,100.0,80.0
2020-02-14 19:00:00,90.0,77.0
2020-02-14 20:00:00,74.0,76.0
2020-02-14 21:00:00,66.0,76.0
2020-02-14 22:00:00,61.0,76.0
2020-02-14 23:00:00,47.0,75.0
2020-02-15 00:00:00,44.0,74.0
2020-02-15 01:00:00,47.0,74.0
2020-02-15 02:00:00,47.0,72.0
2020-02-15 03:00:00,48.0,70.0
2020-02-15 04:00:00,48.0,73.0
2020-02-15 05:00:00,48.0,73.0
2020-02-15 06:00:00,51.0,71.0
2020-02-15 07:00:00,45.0,70.0
2020-02-15 08:00:00,35.0,68.0
2020-02-15 09:00:00,33.0,69.0
2020-02-15 10:00:00,32.0,69.0
2020-02-15 11:00:00,30.0,69.0
2020-02-15 12:00:00,35.0,69.0
2020-02-15 13:00:00,44.0,69.0
2020-02-15 14:00:00,63.0,68.0
2020-02-15 15:00:00,74.0,67.0
2020-02-15 16:00:00,74.0,67.0
2020-02-15 17:00:00,76.0,66.0
2020-02-15 18:00:00,79.0,63.0
2020-02-15 19:00:00,76.0,61.0
2020-02-15 20:00:00,75.0,58.0
2020-02-15 21:00:00,76.0,55.0
2020-02-15 22:00:00,75.0,54.0
2020-02-15 23:00:00,76.0,55.0
2020-02-16 00:00:00,74.0,56.0
2020-02-16 01:00:00,75.0,54.0
2020-02-16 02:00:00,72.0,52.0
2020-02-16 03:00:00,70.0,49.0
2020-02-16 04:00:00,72.0,46.0
2020-02-16 05:00:00,72.0,43.0
2020-02-16 06:00:00,70.0,39.0
2020-02-16 07:00:00,69.0,32.0
2020-02-16 08:00:00,68.0,24.0
2020-02-16 09:00:00,69.0,24.0
2020-02-16 10:00:00,69.0,36.0
2020-02-16 11:00:00,69.0,46.0
2020-02-16 12:00:00,69.0,64.0
2020-02-16 13:00:00,69.0,79.0
2020-02-16 14:00:00,68.0,89.0
2020-02-16 15:00:00,67.0,94.0
2020-02-16 16:00:00,67.0,96.0
2020-02-16 17:00:00,66.0,96.0
2020-02-16 18:00:00,63.0,94.0
2020-02-16 19:00:00,61.0,90.0
2020-02-16 20:00:00,58.0,83.0
2020-02-16 21:00:00,55.0,78.0
2020-02-16 22:00:00,55.0,65.0
2020-02-16 23:00:00,55.0,71.0
2020-02-17 00:00:00,55.0,68.0
2020-02-17 01:00:00,52.0,66.0
2020-02-17 02:00:00,50.0,65.0
2020-02-17 03:00:00,46.0,61.0
2020-02-17 04:00:00,42.0,56.0
2020-02-17 05:00:00,39.0,52.0
2020-02-17 06:00:00,35.0,49.0
2020-02-17 07:00:00,28.0,41.0
2020-02-17 08:00:00,21.0,36.0
2020-02-17 09:00:00,20.0,29.0
2020-02-17 10:00:00,33.0,33.0
2020-02-17 11:00:00,45.0,40.0
2020-02-17 12:00:00,63.0,46.0
2020-02-17 13:00:00,77.0,51.0
2020-02-17 14:00:00,87.0,66.0
2020-02-17 15:00:00,92.0,73.0
2020-02-17 16:00:00,95.0,84.0
2020-02-17 17:00:00,95.0,85.0
2020-02-17 18:00:00,93.0,86.0
2020-02-17 19:00:00,89.0,81.0
2020-02-17 20:00:00,81.0,71.0
2020-02-17 21:00:00,74.0,68.0
2020-02-17 22:00:00,65.0,64.0
2020-02-17 23:00:00,67.0,60.0
2020-02-18 00:00:00,65.0,59.0
2020-02-18 01:00:00,62.0,62.0
2020-02-18 02:00:00,61.0,60.0
2020-02-18 03:00:00,57.0,55.0
2020-02-18 04:00:00,52.0,56.0
2020-02-18 05:00:00,49.0,46.0
2020-02-18 06:00:00,45.0,36.0
2020-02-18 07:00:00,35.0,36.0
2020-02-18 08:00:00,30.0,32.0
2020-02-18 09:00:00,23.0,34.0
2020-02-18 10:00:00,29.0,34.0
2020-02-18 11:00:00,36.0,35.0
2020-02-18 12:00:00,42.0,45.0
2020-02-18 13:00:00,47.0,51.0
2020-02-18 14:00:00,63.0,69.0
2020-02-18 15:00:00,71.0,88.0
2020-02-18 16:00:00,83.0,94.0
2020-02-18 17:00:00,84.0,96.0
2020-02-18 18:00:00,85.0,92.0
2020-02-18 19:00:00,80.0,86.0
2020-02-18 20:00:00,69.0,80.0
2020-02-18 21:00:00,65.0,75.0
2020-02-18 22:00:00,60.0,75.0
2020-02-18 23:00:00,57.0,78.0
2020-02-19 00:00:00,54.0,74.0
2020-02-19 01:00:00,58.0,70.0
2020-02-19 02:00:00,56.0,67.0
2020-02-19 03:00:00,51.0,64.0
2020-02-19 04:00:00,51.0,59.0
2020-02-19 05:00:00,41.0,56.0
2020-02-19 06:00:00,30.0,51.0
2020-02-19 07:00:00,29.0,43.0
2020-02-19 08:00:00,25.0,33.0
2020-02-19 09:00:00,27.0,26.0
2020-02-19 10:00:00,27.0,42.0
2020-02-19 11:00:00,30.0,59.0
2020-02-19 12:00:00,42.0,73.0
2020-02-19 13:00:00,46.0,92.0
2020-02-19 14:00:00,64.0,95.0
2020-02-19 15:00:00,85.0,103.0
2020-02-19 16:00:00,92.0,105.0
2020-02-19 17:00:00,94.0,102.0
2020-02-19 18:00:00,91.0,94.0
2020-02-19 19:00:00,83.0,87.0
2020-02-19 21:00:00,73.0,80.0
2020-02-19 22:00:00,73.0,74.0
2020-02-19 23:00:00,77.0,71.0
2020-02-20 00:00:00,74.0,67.0
2020-02-20 01:00:00,70.0,68.0
2020-02-20 02:00:00,67.0,66.0
2020-02-20 03:00:00,64.0,65.0
2020-02-20 04:00:00,59.0,65.0
2020-02-20 05:00:00,56.0,62.0
2020-02-20 06:00:00,50.0,59.0
2020-02-20 07:00:00,43.0,55.0
2020-02-20 08:00:00,33.0,49.0
2020-02-20 09:00:00,26.0,43.0
2020-02-20 10:00:00,42.0,42.0
2020-02-20 11:00:00,59.0,50.0
2020-02-20 12:00:00,73.0,60.0
2020-02-20 13:00:00,83.0,76.0
2020-02-20 14:00:00,95.0,78.0
2020-02-20 15:00:00,103.0,76.0
2020-02-20 16:00:00,106.0,77.0
2020-02-20 17:00:00,102.0,76.0
2020-02-20 18:00:00,94.0,76.0
2020-02-20 19:00:00,85.0,72.0
2020-02-20 20:00:00,79.0,69.0
2020-02-20 21:00:00,75.0,66.0
2020-02-20 22:00:00,70.0,59.0
2020-02-20 23:00:00,70.0,56.0
2020-02-21 00:00:00,68.0,65.0
2020-02-21 01:00:00,69.0,62.0
2020-02-21 02:00:00,67.0,56.0
2020-02-21 03:00:00,65.0,46.0
2020-02-21 04:00:00,64.0,43.0
2020-02-21 05:00:00,61.0,33.0
2020-02-21 06:00:00,57.0,27.0
2020-02-21 07:00:00,53.0,24.0
2020-02-21 08:00:00,45.0,20.0
2020-02-21 09:00:00,37.0,19.0
2020-02-21 10:00:00,35.0,31.0
2020-02-21 11:00:00,46.0,47.0
2020-02-21 12:00:00,58.0,64.0
2020-02-21 13:00:00,75.0,77.0
2020-02-21 14:00:00,78.0,86.0
2020-02-21 15:00:00,74.0,92.0
2020-02-21 16:00:00,76.0,95.0
2020-02-21 17:00:00,75.0,95.0
2020-02-21 18:00:00,75.0,92.0
2020-02-21 19:00:00,71.0,84.0
2020-02-21 20:00:00,68.0,77.0
2020-02-21 21:00:00,65.0,68.0
2020-02-21 22:00:00,59.0,59.0
2020-02-21 23:00:00,57.0,49.0
2020-02-22 00:00:00,65.0,53.0
2020-02-22 01:00:00,61.0,53.0
2020-02-22 02:00:00,56.0,55.0
2020-02-22 03:00:00,44.0,49.0
2020-02-22 04:00:00,39.0,42.0
2020-02-22 05:00:00,29.0,37.0
2020-02-22 06:00:00,24.0,34.0
2020-02-22 07:00:00,19.0,32.0
2020-02-22 08:00:00,16.0,26.0
2020-02-22 09:00:00,14.0,23.0
2020-02-22 10:00:00,28.0,29.0
2020-02-22 11:00:00,45.0,35.0
2020-02-22 12:00:00,62.0,39.0
2020-02-22 13:00:00,77.0,47.0
2020-02-22 14:00:00,86.0,52.0
2020-02-22 15:00:00,93.0,53.0
2020-02-22 16:00:00,97.0,55.0
2020-02-22 17:00:00,98.0,56.0
2020-02-22 18:00:00,95.0,56.0
2020-02-22 19:00:00,85.0,49.0
2020-02-22 20:00:00,77.0,37.0
2020-02-22 21:00:00,64.0,32.0
2020-02-22 22:00:00,55.0,30.0
2020-02-22 23:00:00,44.0,26.0
2020-02-23 00:00:00,48.0,21.0
2020-02-23 01:00:00,48.0,21.0
2020-02-23 02:00:00,50.0,20.0
2020-02-23 03:00:00,42.0,16.0
2020-02-23 04:00:00,35.0,14.0
2020-02-23 05:00:00,30.0,13.0
2020-02-23 06:00:00,27.0,14.0
2020-02-23 07:00:00,23.0,9.0
2020-02-23 08:00:00,20.0,13.0
2020-02-23 09:00:00,16.0,15.0
2020-02-23 10:00:00,24.0,14.0
2020-02-23 11:00:00,33.0,16.0
2020-02-23 12:00:00,36.0,23.0
2020-02-23 13:00:00,45.0,34.0
2020-02-23 14:00:00,50.0,48.0
2020-02-23 15:00:00,51.0,56.0
2020-02-23 16:00:00,54.0,62.0
2020-02-23 17:00:00,55.0,64.0
2020-02-23 18:00:00,54.0,65.0
2020-02-23 19:00:00,48.0,60.0
2020-02-23 20:00:00,34.0,50.0
2020-02-23 21:00:00,28.0,43.0
2020-02-23 22:00:00,26.0,37.0
2020-02-23 23:00:00,20.0,37.0
2020-02-24 00:00:00,15.0,34.0
2020-02-24 01:00:00,14.0,35.0
2020-02-24 02:00:00,14.0,35.0
2020-02-24 03:00:00,9.0,29.0
2020-02-24 04:00:00,9.0,25.0
2020-02-24 05:00:00,7.0,18.0
2020-02-24 06:00:00,6.0,17.0
2020-02-24 07:00:00,4.0,19.0
2020-02-24 08:00:00,5.0,19.0
2020-02-24 09:00:00,6.0,15.0
2020-02-24 10:00:00,8.0,14.0
2020-02-24 11:00:00,14.0,18.0
2020-02-24 12:00:00,22.0,38.0
2020-02-24 13:00:00,34.0,63.0
2020-02-24 14:00:00,46.0,81.0
2020-02-24 15:00:00,55.0,97.0
2020-02-24 16:00:00,60.0,108.0
2020-02-24 17:00:00,63.0,114.0
2020-02-24 18:00:00,64.0,113.0
2020-02-24 19:00:00,59.0,101.0
2020-02-24 20:00:00,49.0,81.0
2020-02-24 21:00:00,42.0,64.0
2020-02-24 22:00:00,35.0,42.0
2020-02-24 23:00:00,35.0,31.0
2020-02-25 00:00:00,31.0,23.0
2020-02-25 01:00:00,31.0,23.0
2020-02-25 02:00:00,31.0,20.0
2020-02-25 03:00:00,24.0,25.0
2020-02-25 04:00:00,20.0,24.0
2020-02-25 05:00:00,14.0,19.0
2020-02-25 06:00:00,11.0,19.0
2020-02-25 07:00:00,13.0,21.0
2020-02-25 08:00:00,13.0,19.0
2020-02-25 09:00:00,9.0,19.0
2020-02-25 10:00:00,10.0,26.0
2020-02-25 11:00:00,14.0,41.0
2020-02-25 12:00:00,36.0,64.0
2020-02-25 13:00:00,62.0,88.0
2020-02-25 14:00:00,81.0,101.0
2020-02-25 15:00:00,98.0,117.0
2020-02-25 16:00:00,109.0,129.0
2020-02-25 17:00:00,116.0,128.0
2020-02-25 18:00:00,115.0,122.0
2020-02-25 19:00:00,102.0,108.0
2020-02-25 20:00:00,77.0,92.0
2020-02-25 21:00:00,58.0,84.0
2020-02-25 22:00:00,33.0,73.0
2020-02-25 23:00:00,22.0,55.0
2020-02-26 00:00:00,12.0,58.0
2020-02-26 01:00:00,13.0,60.0
2020-02-26 02:00:00,11.0,47.0
2020-02-26 03:00:00,18.0,36.0
2020-02-26 04:00:00,14.0,30.0
2020-02-26 05:00:00,9.0,29.0
2020-02-26 06:00:00,10.0,28.0
2020-02-26 07:00:00,11.0,24.0
2020-02-26 08:00:00,8.0,18.0
2020-02-26 09:00:00,9.0,13.0
2020-02-26 10:00:00,18.0,19.0
2020-02-26 11:00:00,38.0,37.0
2020-02-26 12:00:00,61.0,56.0
2020-02-26 13:00:00,85.0,81.0
2020-02-26 14:00:00,99.0,100.0
2020-02-26 15:00:00,115.0,112.0
2020-02-26 16:00:00,128.0,119.0
2020-02-26 17:00:00,126.0,123.0
2020-02-26 18:00:00,122.0,119.0
2020-02-26 19:00:00,106.0,96.0
2020-02-26 20:00:00,88.0,68.0
2020-02-26 21:00:00,77.0,50.0
2020-02-26 22:00:00,65.0,49.0
2020-02-26 23:00:00,55.0,46.0
2020-02-27 00:00:00,53.0,45.0
2020-02-27 01:00:00,55.0,44.0
2020-02-27 02:00:00,40.0,59.0
2020-02-27 03:00:00,27.0,59.0
2020-02-27 04:00:00,21.0,56.0
2020-02-27 05:00:00,16.0,46.0
2020-02-27 06:00:00,18.0,35.0
2020-02-27 07:00:00,15.0,44.0
2020-02-27 08:00:00,11.0,42.0
2020-02-27 09:00:00,7.0,31.0
2020-02-27 10:00:00,14.0,34.0
2020-02-27 11:00:00,35.0,32.0
2020-02-27 12:00:00,59.0,42.0
2020-02-27 13:00:00,84.0,45.0
2020-02-27 14:00:00,102.0,50.0
2020-02-27 15:00:00,113.0,57.0
2020-02-27 16:00:00,120.0,57.0
2020-02-27 17:00:00,124.0,62.0
2020-02-27 18:00:00,119.0,60.0
2020-02-27 19:00:00,92.0,55.0
2020-02-27 20:00:00,59.0,45.0
2020-02-27 21:00:00,37.0,45.0
2020-02-27 22:00:00,37.0,31.0
2020-02-27 23:00:00,32.0,25.0
2020-02-28 00:00:00,31.0,33.0
2020-02-28 01:00:00,31.0,40.0
2020-02-28 02:00:00,50.0,37.0
2020-02-28 03:00:00,51.0,36.0
2020-02-28 10:00:00,27.0,19.0
2020-02-28 11:00:00,27.0,33.0
2020-02-28 12:00:00,39.0,43.0
2020-02-28 13:00:00,40.0,54.0
2020-02-28 14:00:00,48.0,66.0
2020-02-28 15:00:00,54.0,81.0
2020-02-28 16:00:00,60.0,91.0
2020-02-28 17:00:00,61.0,92.0
2020-02-28 18:00:00,59.0,89.0
2020-02-28 19:00:00,52.0,80.0
2020-02-28 20:00:00,41.0,66.0
2020-02-28 21:00:00,39.0,48.0
2020-02-28 22:00:00,29.0,25.0
2020-02-28 23:00:00,24.0,20.0
2020-02-29 00:00:00,31.0,18.0
2020-02-29 01:00:00,38.0,27.0
2020-02-29 02:00:00,33.0,31.0
2020-02-29 03:00:00,32.0,41.0
2020-02-29 10:00:00,15.0,22.0
2020-02-29 11:00:00,31.0,44.0
2020-02-29 12:00:00,42.0,73.0
2020-02-29 13:00:00,52.0,96.0
2020-02-29 14:00:00,64.0,110.0
2020-02-29 15:00:00,80.0,123.0
2020-02-29 16:00:00,91.0,130.0
2020-02-29 17:00:00,91.0,134.0
2020-02-29 18:00:00,87.0,131.0
2020-02-29 19:00:00,77.0,123.0
2020-02-29 20:00:00,61.0,116.0
2020-02-29 21:00:00,40.0,96.0
2020-02-29 22:00:00,13.0,82.0
2020-02-29 23:00:00,8.0,67.0
2020-03-01 00:00:00,7.0,55.0
2020-03-01 01:00:00,15.0,55.0
2020-03-01 02:00:00,23.0,52.0
2020-03-01 03:00:00,38.0,42.0
2020-03-01 04:00:00,42.0,38.0
2020-03-01 05:00:00,29.0,33.0
2020-03-01 06:00:00,20.0,32.0
2020-03-01 07:00:00,9.0,29.0
2020-03-01 08:00:00,3.0,21.0
2020-03-01 09:00:00,6.0,19.0
2020-03-01 10:00:00,20.0,24.0
2020-03-01 11:00:00,41.0,38.0
2020-03-01 12:00:00,71.0,53.0
2020-03-01 13:00:00,94.0,71.0
2020-03-01 14:00:00,109.0,69.0
2020-03-01 15:00:00,123.0,73.0
2020-03-01 16:00:00,131.0,70.0
2020-03-01 17:00:00,135.0,67.0
2020-03-01 18:00:00,132.0,63.0
2020-03-01 19:00:00,121.0,58.0
2020-03-01 20:00:00,113.0,53.0
2020-03-01 21:00:00,91.0,50.0
2020-03-01 22:00:00,74.0,47.0
2020-03-01 23:00:00,58.0,48.0
2020-03-02 00:00:00,45.0,54.0
2020-03-02 01:00:00,43.0,66.0
2020-03-02 02:00:00,41.0,72.0
2020-03-02 03:00:00,32.0,75.0
2020-03-02 04:00:00,26.0,73.0
2020-03-02 05:00:00,22.0,69.0
2020-03-02 06:00:00,22.0,65.0
2020-03-02 07:00:00,20.0,58.0
2020-03-02 08:00:00,11.0,53.0
2020-03-02 09:00:00,9.0,47.0
2020-03-02 10:00:00,14.0,53.0
2020-03-02 11:00:00,30.0,57.0
2020-03-02 12:00:00,49.0,55.0
2020-03-02 13:00:00,65.0,51.0
2020-03-02 14:00:00,68.0,52.0
2020-03-02 15:00:00,70.0,49.0
2020-03-02 16:00:00,67.0,51.0
2020-03-02 17:00:00,65.0,50.0
2020-03-02 18:00:00,59.0,46.0
2020-03-02 19:00:00,54.0,48.0
2020-03-02 20:00:00,48.0,46.0
2020-03-02 21:00:00,45.0,43.0
2020-03-02 22:00:00,43.0,37.0
2020-03-02 23:00:00,43.0,31.0
2020-03-03 00:00:00,50.0,32.0
2020-03-03 01:00:00,63.0,41.0
2020-03-03 02:00:00,73.0,37.0
2020-03-03 03:00:00,76.0,35.0
2020-03-03 04:00:00,75.0,49.0
2020-03-03 05:00:00,70.0,46.0
2020-03-03 06:00:00,65.0,48.0
2020-03-03 07:00:00,58.0,51.0
2020-03-03 08:00:00,53.0,46.0
2020-03-03 09:00:00,48.0,38.0
2020-03-03 10:00:00,52.0,37.0
2020-03-03 11:00:00,56.0,35.0
2020-03-03 12:00:00,54.0,49.0
2020-03-03 13:00:00,51.0,61.0
2020-03-03 14:00:00,51.0,72.0
2020-03-03 15:00:00,49.0,82.0
2020-03-03 16:00:00,49.0,81.0
2020-03-03 17:00:00,50.0,82.0
2020-03-03 18:00:00,48.0,75.0
2020-03-03 19:00:00,44.0,68.0
2020-03-03 20:00:00,41.0,61.0
2020-03-03 21:00:00,40.0,39.0
2020-03-03 22:00:00,35.0,35.0
2020-03-03 23:00:00,27.0,47.0
2020-03-04 00:00:00,26.0,43.0
2020-03-04 01:00:00,35.0,36.0
2020-03-04 02:00:00,31.0,38.0
2020-03-04 03:00:00,27.0,40.0
2020-03-04 04:00:00,44.0,36.0
2020-03-04 05:00:00,41.0,28.0
2020-03-04 06:00:00,45.0,29.0
2020-03-04 07:00:00,49.0,26.0
2020-03-04 08:00:00,41.0,18.0
2020-03-04 09:00:00,31.0,21.0
2020-03-04 10:00:00,31.0,39.0
2020-03-04 11:00:00,35.0,53.0
2020-03-04 12:00:00,43.0,66.0
2020-03-04 13:00:00,56.0,73.0
2020-03-04 14:00:00,68.0,85.0
2020-03-04 15:00:00,80.0,92.0
2020-03-04 16:00:00,79.0,89.0
2020-03-04 17:00:00,80.0,90.0
2020-03-04 18:00:00,71.0,88.0
2020-03-04 19:00:00,63.0,85.0
2020-03-04 20:00:00,56.0,79.0
2020-03-04 21:00:00,30.0,68.0
2020-03-04 22:00:00,29.0,57.0
2020-03-04 23:00:00,41.0,65.0
2020-03-05 00:00:00,38.0,64.0
2020-03-05 01:00:00,30.0,65.0
2020-03-05 02:00:00,31.0,60.0
2020-03-05 03:00:00,33.0,58.0
2020-03-05 04:00:00,29.0,53.0
2020-03-05 05:00:00,20.0,47.0
2020-03-05 06:00:00,22.0,40.0
2020-03-05 07:00:00,19.0,32.0
2020-03-05 08:00:00,11.0,22.0
2020-03-05 09:00:00,15.0,22.0
2020-03-05 10:00:00,35.0,22.0
2020-03-05 11:00:00,52.0,28.0
2020-03-05 12:00:00,66.0,34.0
2020-03-05 13:00:00,70.0,45.0
2020-03-05 14:00:00,82.0,59.0
2020-03-05 15:00:00,90.0,88.0
2020-03-05 16:00:00,86.0,78.0
2020-03-05 17:00:00,87.0,73.0
2020-03-05 18:00:00,86.0,68.0
2020-03-05 19:00:00,82.0,54.0
2020-03-05 20:00:00,75.0,38.0
2020-03-05 21:00:00,61.0,25.0
2020-03-05 22:00:00,51.0,20.0
2020-03-05 23:00:00,59.0,25.0
2020-03-06 00:00:00,61.0,30.0
2020-03-06 01:00:00,61.0,38.0
2020-03-06 02:00:00,59.0,43.0
2020-03-06 03:00:00,55.0,46.0
2020-03-06 04:00:00,48.0,53.0
2020-03-06 05:00:00,42.0,52.0
2020-03-06 09:00:00,18.0,28.0
2020-03-06 10:00:00,20.0,24.0
2020-03-06 11:00:00,26.0,29.0
2020-03-06 12:00:00,33.0,34.0
2020-03-06 13:00:00,45.0,42.0
2020-03-06 14:00:00,59.0,58.0
2020-03-06 15:00:00,71.0,74.0
2020-03-06 16:00:00,80.0,77.0
2020-03-06 17:00:00,78.0,77.0
2020-03-06 18:00:00,72.0,74.0
2020-03-06 19:00:00,57.0,67.0
2020-03-06 20:00:00,35.0,58.0
2020-03-06 21:00:00,25.0,48.0
2020-03-06 22:00:00,20.0,45.0
2020-03-06 23:00:00,23.0,42.0
2020-03-07 00:00:00,28.0,31.0
2020-03-07 01:00:00,38.0,26.0
2020-03-07 02:00:00,41.0,24.0
2020-03-07 03:00:00,45.0,20.0
2020-03-07 04:00:00,52.0,16.0
2020-03-07 05:00:00,52.0,16.0
2020-03-07 06:00:00,46.0,17.0
2020-03-07 07:00:00,37.0,14.0
2020-03-07 08:00:00,31.0,12.0
2020-03-07 09:00:00,26.0,11.0
2020-03-07 10:00:00,21.0,19.0
2020-03-07 11:00:00,26.0,35.0
2020-03-07 12:00:00,33.0,54.0
2020-03-07 13:00:00,41.0,74.0
2020-03-07 14:00:00,58.0,89.0
2020-03-07 15:00:00,72.0,103.0
2020-03-07 16:00:00,77.0,108.0
2020-03-07 17:00:00,77.0,114.0
2020-03-07 18:00:00,72.0,116.0
2020-03-07 19:00:00,65.0,108.0
2020-03-07 20:00:00,55.0,93.0
2020-03-07 21:00:00,45.0,78.0
2020-03-07 22:00:00,39.0,68.0
2020-03-07 23:00:00,33.0,66.0
2020-03-08 00:00:00,25.0,56.0
2020-03-08 01:00:00,18.0,53.0
2020-03-08 02:00:00,16.0,54.0
2020-03-08 03:00:00,13.0,50.0
2020-03-08 04:00:00,9.0,43.0
2020-03-08 05:00:00,10.0,34.0
2020-03-08 06:00:00,12.0,35.0
2020-03-08 07:00:00,9.0,39.0
2020-03-08 08:00:00,8.0,42.0
2020-03-08 09:00:00,7.0,45.0
2020-03-08 10:00:00,13.0,48.0
2020-03-08 11:00:00,31.0,52.0
2020-03-08 12:00:00,50.0,60.0
2020-03-08 13:00:00,71.0,70.0
2020-03-08 14:00:00,88.0,80.0
2020-03-08 15:00:00,102.0,85.0
2020-03-08 16:00:00,107.0,86.0
2020-03-08 17:00:00,114.0,80.0
2020-03-08 18:00:00,115.0,73.0
2020-03-08 19:00:00,105.0,60.0
2020-03-08 20:00:00,89.0,51.0
2020-03-08 21:00:00,73.0,42.0
2020-03-08 22:00:00,68.0,35.0
2020-03-08 23:00:00,62.0,26.0
2020-03-09 00:00:00,50.0,20.0
2020-03-09 01:00:00,47.0,24.0
2020-03-09 02:00:00,47.0,20.0
2020-03-09 03:00:00,42.0,19.0
2020-03-09 04:00:00,38.0,21.0
2020-03-09 05:00:00,30.0,58.0
2020-03-09 06:00:00,31.0,74.0
2020-03-09 07:00:00,34.0,67.0
2020-03-09 08:00:00,33.0,57.0
2020-03-09 09:00:00,36.0,43.0
2020-03-09 10:00:00,40.0,38.0
2020-03-09 11:00:00,46.0,41.0
2020-03-09 12:00:00,55.0,45.0
2020-03-09 13:00:00,66.0,55.0
2020-03-09 14:00:00,77.0,63.0
2020-03-09 15:00:00,86.0,67.0
2020-03-09 16:00:00,87.0,72.0
2020-03-09 18:00:00,70.0,61.0
2020-03-09 19:00:00,56.0,61.0
2020-03-09 20:00:00,45.0,57.0
2020-03-09 21:00:00,33.0,46.0
2020-03-09 22:00:00,24.0,33.0
2020-03-09 23:00:00,16.0,35.0
2020-03-10 00:00:00,9.0,58.0
2020-03-10 01:00:00,8.0,61.0
2020-03-10 02:00:00,4.0,61.0
2020-03-10 03:00:00,8.0,57.0
2020-03-10 04:00:00,13.0,61.0
2020-03-10 05:00:00,56.0,57.0
2020-03-10 06:00:00,74.0,57.0
2020-03-10 07:00:00,66.0,53.0
2020-03-10 08:00:00,55.0,47.0
2020-03-10 09:00:00,42.0,42.0
2020-03-10 10:00:00,35.0,40.0
2020-03-10 11:00:00,38.0,43.0
2020-03-10 12:00:00,42.0,48.0
2020-03-10 13:00:00,53.0,65.0
2020-03-10 14:00:00,61.0,80.0
2020-03-10 15:00:00,66.0,86.0
2020-03-10 16:00:00,71.0,90.0
2020-03-10 17:00:00,68.0,85.0
2020-03-10 18:00:00,59.0,82.0
2020-03-10 19:00:00,58.0,70.0
2020-03-10 20:00:00,51.0,56.0
2020-03-10 21:00:00,41.0,37.0
2020-03-10 22:00:00,28.0,18.0
2020-03-10 23:00:00,31.0,30.0
2020-03-11 00:00:00,56.0,44.0
2020-03-11 01:00:00,60.0,52.0
2020-03-11 02:00:00,58.0,51.0
2020-03-11 03:00:00,54.0,47.0
2020-03-11 04:00:00,58.0,43.0
2020-03-11 05:00:00,54.0,47.0
2020-03-11 06:00:00,55.0,48.0
2020-03-11 07:00:00,50.0,32.0
2020-03-11 08:00:00,43.0,21.0
2020-03-11 09:00:00,37.0,21.0
2020-03-11 10:00:00,36.0,32.0
2020-03-11 11:00:00,39.0,48.0
2020-03-11 12:00:00,45.0,73.0
2020-03-11 13:00:00,64.0,83.0
2020-03-11 14:00:00,81.0,92.0
2020-03-11 15:00:00,86.0,97.0
2020-03-11 16:00:00,89.0,101.0
2020-03-11 17:00:00,85.0,100.0
2020-03-11 18:00:00,79.0,97.0
2020-03-11 19:00:00,66.0,93.0
2020-03-11 20:00:00,51.0,84.0
2020-03-11 21:00:00,30.0,71.0
2020-03-11 22:00:00,18.0,59.0
2020-03-11 23:00:00,24.0,53.0
2020-03-12 00:00:00,40.0,59.0
2020-03-12 01:00:00,50.0,66.0
2020-03-12 02:00:00,49.0,65.0
2020-03-12 03:00:00,44.0,60.0
2020-03-12 04:00:00,40.0,61.0
2020-03-12 05:00:00,43.0,59.0
2020-03-12 06:00:00,45.0,48.0
2020-03-12 07:00:00,27.0,29.0
2020-03-12 08:00:00,15.0,23.0
2020-03-12 09:00:00,15.0,23.0
2020-03-12 10:00:00,27.0,37.0
2020-03-12 11:00:00,44.0,56.0
2020-03-12 12:00:00,71.0,71.0
2020-03-12 13:00:00,81.0,76.0
2020-03-12 14:00:00,90.0,84.0
2020-03-12 15:00:00,96.0,92.0
2020-03-12 16:00:00,100.0,80.0
2020-03-12 17:00:00,100.0,79.0
2020-03-12 18:00:00,95.0,78.0
2020-03-12 19:00:00,92.0,77.0
2020-03-12 20:00:00,82.0,54.0
2020-03-12 21:00:00,68.0,38.0
2020-03-12 22:00:00,59.0,22.0
2020-03-12 23:00:00,48.0,20.0
2020-03-13 00:00:00,54.0,18.0
2020-03-13 01:00:00,62.0,15.0
2020-03-13 02:00:00,61.0,13.0
2020-03-13 03:00:00,57.0,13.0
2020-03-13 04:00:00,58.0,11.0
2020-03-13 05:00:00,56.0,10.0
2020-03-13 06:00:00,44.0,13.0
2020-03-13 07:00:00,22.0,11.0
2020-03-13 08:00:00,16.0,12.0
2020-03-13 09:00:00,18.0,12.0
2020-03-13 10:00:00,37.0,17.0
2020-03-13 11:00:00,53.0,26.0
2020-03-13 12:00:00,66.0,45.0
2020-03-13 13:00:00,70.0,67.0
2020-03-13 14:00:00,80.0,77.0
2020-03-13 15:00:00,80.0,80.0
2020-03-13 16:00:00,77.0,84.0
2020-03-13 17:00:00,79.0,78.0
2020-03-13 18:00:00,76.0,73.0
2020-03-13 20:00:00,54.0,57.0
2020-03-13 21:00:00,29.0,48.0
2020-03-13 22:00:00,10.0,32.0
2020-03-13 23:00:00,11.0,19.0
2020-03-14 00:00:00,9.0,15.0
2020-03-14 01:00:00,6.0,16.0
2020-03-14 02:00:00,5.0,17.0
2020-03-14 03:00:00,5.0,15.0
2020-03-14 04:00:00,2.0,14.0
2020-03-14 05:00:00,2.0,16.0
2020-03-14 06:00:00,2.0,17.0
2020-03-14 07:00:00,2.0,20.0
2020-03-14 08:00:00,2.0,21.0
2020-03-14 09:00:00,4.0,19.0
2020-03-14 10:00:00,9.0,22.0
2020-03-14 11:00:00,20.0,20.0
2020-03-14 12:00:00,42.0,22.0
2020-03-14 13:00:00,63.0,28.0
2020-03-14 14:00:00,74.0,35.0
2020-03-14 15:00:00,80.0,49.0
2020-03-14 16:00:00,84.0,63.0
2020-03-14 17:00:00,78.0,70.0
2020-03-14 18:00:00,71.0,68.0
2020-03-14 19:00:00,64.0,59.0
2020-03-14 20:00:00,53.0,49.0
2020-03-14 21:00:00,45.0,41.0
2020-03-14 22:00:00,25.0,25.0
2020-03-14 23:00:00,11.0,21.0
2020-03-15 00:00:00,5.0,18.0
2020-03-15 01:00:00,6.0,18.0
2020-03-15 02:00:00,6.0,21.0
2020-03-15 03:00:00,5.0,19.0
2020-03-15 04:00:00,4.0,15.0
2020-03-15 05:00:00,6.0,14.0
2020-03-15 06:00:00,5.0,13.0
2020-03-15 07:00:00,10.0,14.0
2020-03-15 08:00:00,13.0,16.0
2020-03-15 09:00:00,10.0,18.0
2020-03-15 10:00:00,10.0,20.0
2020-03-15 11:00:00,14.0,19.0
